99,ravi99,ravi@gmail.com99,hyd99
98,ravi98,ravi@gmail.com98,hyd98
97,ravi97,ravi@gmail.com97,hyd97
96,ravi96,ravi@gmail.com96,hyd96
95,ravi95,ravi@gmail.com95,hyd95
94,ravi94,ravi@gmail.com94,hyd94
93,ravi93,ravi@gmail.com93,hyd93
92,ravi92,ravi@gmail.com92,hyd92
91,ravi91,ravi@gmail.com91,hyd91
90,ravi90,ravi@gmail.com90,hyd90
9,ravi9,ravi@gmail.com9,hyd9
89,ravi89,ravi@gmail.com89,hyd89
88,ravi88,ravi@gmail.com88,hyd88
87,ravi87,ravi@gmail.com87,hyd87
86,ravi86,ravi@gmail.com86,hyd86
85,ravi85,ravi@gmail.com85,hyd85
84,ravi84,ravi@gmail.com84,hyd84
83,ravi83,ravi@gmail.com83,hyd83
82,ravi82,ravi@gmail.com82,hyd82
81,ravi81,ravi@gmail.com81,hyd81
80,ravi80,ravi@gmail.com80,hyd80
8,ravi8,ravi@gmail.com8,hyd8
79,ravi79,ravi@gmail.com79,hyd79
78,ravi78,ravi@gmail.com78,hyd78
77,ravi77,ravi@gmail.com77,hyd77
76,ravi76,ravi@gmail.com76,hyd76
75,ravi75,ravi@gmail.com75,hyd75
74,ravi74,ravi@gmail.com74,hyd74
73,ravi73,ravi@gmail.com73,hyd73
72,ravi72,ravi@gmail.com72,hyd72
71,ravi71,ravi@gmail.com71,hyd71
70,ravi70,ravi@gmail.com70,hyd70
7,ravi7,ravi@gmail.com7,hyd7
69,ravi69,ravi@gmail.com69,hyd69
68,ravi68,ravi@gmail.com68,hyd68
67,ravi67,ravi@gmail.com67,hyd67
66,ravi66,ravi@gmail.com66,hyd66
65,ravi65,ravi@gmail.com65,hyd65
64,ravi64,ravi@gmail.com64,hyd64
63,ravi63,ravi@gmail.com63,hyd63
62,ravi62,ravi@gmail.com62,hyd62
61,ravi61,ravi@gmail.com61,hyd61
60,ravi60,ravi@gmail.com60,hyd60
6,ravi6,ravi@gmail.com6,hyd6
59,ravi59,ravi@gmail.com59,hyd59
58,ravi58,ravi@gmail.com58,hyd58
57,ravi57,ravi@gmail.com57,hyd57
56,ravi56,ravi@gmail.com56,hyd56
55,ravi55,ravi@gmail.com55,hyd55
54,ravi54,ravi@gmail.com54,hyd54
53,ravi53,ravi@gmail.com53,hyd53
52,ravi52,ravi@gmail.com52,hyd52
51,ravi51,ravi@gmail.com51,hyd51
50,ravi50,ravi@gmail.com50,hyd50
5,ravi5,ravi@gmail.com5,hyd5
499,ravi499,ravi@gmail.com499,hyd499
498,ravi498,ravi@gmail.com498,hyd498
497,ravi497,ravi@gmail.com497,hyd497
496,ravi496,ravi@gmail.com496,hyd496
495,ravi495,ravi@gmail.com495,hyd495
494,ravi494,ravi@gmail.com494,hyd494
493,ravi493,ravi@gmail.com493,hyd493
492,ravi492,ravi@gmail.com492,hyd492
491,ravi491,ravi@gmail.com491,hyd491
490,ravi490,ravi@gmail.com490,hyd490
49,ravi49,ravi@gmail.com49,hyd49
489,ravi489,ravi@gmail.com489,hyd489
488,ravi488,ravi@gmail.com488,hyd488
487,ravi487,ravi@gmail.com487,hyd487
486,ravi486,ravi@gmail.com486,hyd486
485,ravi485,ravi@gmail.com485,hyd485
484,ravi484,ravi@gmail.com484,hyd484
483,ravi483,ravi@gmail.com483,hyd483
482,ravi482,ravi@gmail.com482,hyd482
481,ravi481,ravi@gmail.com481,hyd481
480,ravi480,ravi@gmail.com480,hyd480
48,ravi48,ravi@gmail.com48,hyd48
479,ravi479,ravi@gmail.com479,hyd479
478,ravi478,ravi@gmail.com478,hyd478
477,ravi477,ravi@gmail.com477,hyd477
476,ravi476,ravi@gmail.com476,hyd476
475,ravi475,ravi@gmail.com475,hyd475
474,ravi474,ravi@gmail.com474,hyd474
473,ravi473,ravi@gmail.com473,hyd473
472,ravi472,ravi@gmail.com472,hyd472
471,ravi471,ravi@gmail.com471,hyd471
470,ravi470,ravi@gmail.com470,hyd470
47,ravi47,ravi@gmail.com47,hyd47
469,ravi469,ravi@gmail.com469,hyd469
468,ravi468,ravi@gmail.com468,hyd468
467,ravi467,ravi@gmail.com467,hyd467
466,ravi466,ravi@gmail.com466,hyd466
465,ravi465,ravi@gmail.com465,hyd465
464,ravi464,ravi@gmail.com464,hyd464
463,ravi463,ravi@gmail.com463,hyd463
462,ravi462,ravi@gmail.com462,hyd462
461,ravi461,ravi@gmail.com461,hyd461
460,ravi460,ravi@gmail.com460,hyd460
46,ravi46,ravi@gmail.com46,hyd46
459,ravi459,ravi@gmail.com459,hyd459
458,ravi458,ravi@gmail.com458,hyd458
457,ravi457,ravi@gmail.com457,hyd457
456,ravi456,ravi@gmail.com456,hyd456
455,ravi455,ravi@gmail.com455,hyd455
454,ravi454,ravi@gmail.com454,hyd454
453,ravi453,ravi@gmail.com453,hyd453
452,ravi452,ravi@gmail.com452,hyd452
451,ravi451,ravi@gmail.com451,hyd451
450,ravi450,ravi@gmail.com450,hyd450
45,ravi45,ravi@gmail.com45,hyd45
449,ravi449,ravi@gmail.com449,hyd449
448,ravi448,ravi@gmail.com448,hyd448
447,ravi447,ravi@gmail.com447,hyd447
446,ravi446,ravi@gmail.com446,hyd446
445,ravi445,ravi@gmail.com445,hyd445
444,ravi444,ravi@gmail.com444,hyd444
443,ravi443,ravi@gmail.com443,hyd443
442,ravi442,ravi@gmail.com442,hyd442
441,ravi441,ravi@gmail.com441,hyd441
440,ravi440,ravi@gmail.com440,hyd440
44,ravi44,ravi@gmail.com44,hyd44
439,ravi439,ravi@gmail.com439,hyd439
438,ravi438,ravi@gmail.com438,hyd438
437,ravi437,ravi@gmail.com437,hyd437
436,ravi436,ravi@gmail.com436,hyd436
435,ravi435,ravi@gmail.com435,hyd435
434,ravi434,ravi@gmail.com434,hyd434
433,ravi433,ravi@gmail.com433,hyd433
432,ravi432,ravi@gmail.com432,hyd432
431,ravi431,ravi@gmail.com431,hyd431
430,ravi430,ravi@gmail.com430,hyd430
43,ravi43,ravi@gmail.com43,hyd43
429,ravi429,ravi@gmail.com429,hyd429
428,ravi428,ravi@gmail.com428,hyd428
427,ravi427,ravi@gmail.com427,hyd427
426,ravi426,ravi@gmail.com426,hyd426
425,ravi425,ravi@gmail.com425,hyd425
424,ravi424,ravi@gmail.com424,hyd424
423,ravi423,ravi@gmail.com423,hyd423
422,ravi422,ravi@gmail.com422,hyd422
421,ravi421,ravi@gmail.com421,hyd421
420,ravi420,ravi@gmail.com420,hyd420
42,ravi42,ravi@gmail.com42,hyd42
419,ravi419,ravi@gmail.com419,hyd419
418,ravi418,ravi@gmail.com418,hyd418
417,ravi417,ravi@gmail.com417,hyd417
416,ravi416,ravi@gmail.com416,hyd416
415,ravi415,ravi@gmail.com415,hyd415
414,ravi414,ravi@gmail.com414,hyd414
413,ravi413,ravi@gmail.com413,hyd413
412,ravi412,ravi@gmail.com412,hyd412
411,ravi411,ravi@gmail.com411,hyd411
410,ravi410,ravi@gmail.com410,hyd410
41,ravi41,ravi@gmail.com41,hyd41
409,ravi409,ravi@gmail.com409,hyd409
408,ravi408,ravi@gmail.com408,hyd408
407,ravi407,ravi@gmail.com407,hyd407
406,ravi406,ravi@gmail.com406,hyd406
405,ravi405,ravi@gmail.com405,hyd405
404,ravi404,ravi@gmail.com404,hyd404
403,ravi403,ravi@gmail.com403,hyd403
402,ravi402,ravi@gmail.com402,hyd402
401,ravi401,ravi@gmail.com401,hyd401
400,ravi400,ravi@gmail.com400,hyd400
40,ravi40,ravi@gmail.com40,hyd40
4,ravi4,ravi@gmail.com4,hyd4
399,ravi399,ravi@gmail.com399,hyd399
398,ravi398,ravi@gmail.com398,hyd398
397,ravi397,ravi@gmail.com397,hyd397
396,ravi396,ravi@gmail.com396,hyd396
395,ravi395,ravi@gmail.com395,hyd395
394,ravi394,ravi@gmail.com394,hyd394
393,ravi393,ravi@gmail.com393,hyd393
392,ravi392,ravi@gmail.com392,hyd392
391,ravi391,ravi@gmail.com391,hyd391
390,ravi390,ravi@gmail.com390,hyd390
39,ravi39,ravi@gmail.com39,hyd39
389,ravi389,ravi@gmail.com389,hyd389
388,ravi388,ravi@gmail.com388,hyd388
387,ravi387,ravi@gmail.com387,hyd387
386,ravi386,ravi@gmail.com386,hyd386
385,ravi385,ravi@gmail.com385,hyd385
384,ravi384,ravi@gmail.com384,hyd384
383,ravi383,ravi@gmail.com383,hyd383
382,ravi382,ravi@gmail.com382,hyd382
381,ravi381,ravi@gmail.com381,hyd381
380,ravi380,ravi@gmail.com380,hyd380
38,ravi38,ravi@gmail.com38,hyd38
379,ravi379,ravi@gmail.com379,hyd379
378,ravi378,ravi@gmail.com378,hyd378
377,ravi377,ravi@gmail.com377,hyd377
376,ravi376,ravi@gmail.com376,hyd376
375,ravi375,ravi@gmail.com375,hyd375
374,ravi374,ravi@gmail.com374,hyd374
373,ravi373,ravi@gmail.com373,hyd373
372,ravi372,ravi@gmail.com372,hyd372
371,ravi371,ravi@gmail.com371,hyd371
370,ravi370,ravi@gmail.com370,hyd370
37,ravi37,ravi@gmail.com37,hyd37
369,ravi369,ravi@gmail.com369,hyd369
368,ravi368,ravi@gmail.com368,hyd368
367,ravi367,ravi@gmail.com367,hyd367
366,ravi366,ravi@gmail.com366,hyd366
365,ravi365,ravi@gmail.com365,hyd365
364,ravi364,ravi@gmail.com364,hyd364
363,ravi363,ravi@gmail.com363,hyd363
362,ravi362,ravi@gmail.com362,hyd362
361,ravi361,ravi@gmail.com361,hyd361
360,ravi360,ravi@gmail.com360,hyd360
36,ravi36,ravi@gmail.com36,hyd36
359,ravi359,ravi@gmail.com359,hyd359
358,ravi358,ravi@gmail.com358,hyd358
357,ravi357,ravi@gmail.com357,hyd357
356,ravi356,ravi@gmail.com356,hyd356
355,ravi355,ravi@gmail.com355,hyd355
354,ravi354,ravi@gmail.com354,hyd354
353,ravi353,ravi@gmail.com353,hyd353
352,ravi352,ravi@gmail.com352,hyd352
351,ravi351,ravi@gmail.com351,hyd351
350,ravi350,ravi@gmail.com350,hyd350
35,ravi35,ravi@gmail.com35,hyd35
349,ravi349,ravi@gmail.com349,hyd349
348,ravi348,ravi@gmail.com348,hyd348
347,ravi347,ravi@gmail.com347,hyd347
346,ravi346,ravi@gmail.com346,hyd346
345,ravi345,ravi@gmail.com345,hyd345
344,ravi344,ravi@gmail.com344,hyd344
343,ravi343,ravi@gmail.com343,hyd343
342,ravi342,ravi@gmail.com342,hyd342
341,ravi341,ravi@gmail.com341,hyd341
340,ravi340,ravi@gmail.com340,hyd340
34,ravi34,ravi@gmail.com34,hyd34
339,ravi339,ravi@gmail.com339,hyd339
338,ravi338,ravi@gmail.com338,hyd338
337,ravi337,ravi@gmail.com337,hyd337
336,ravi336,ravi@gmail.com336,hyd336
335,ravi335,ravi@gmail.com335,hyd335
334,ravi334,ravi@gmail.com334,hyd334
333,ravi333,ravi@gmail.com333,hyd333
332,ravi332,ravi@gmail.com332,hyd332
331,ravi331,ravi@gmail.com331,hyd331
330,ravi330,ravi@gmail.com330,hyd330
33,ravi33,ravi@gmail.com33,hyd33
329,ravi329,ravi@gmail.com329,hyd329
328,ravi328,ravi@gmail.com328,hyd328
327,ravi327,ravi@gmail.com327,hyd327
326,ravi326,ravi@gmail.com326,hyd326
325,ravi325,ravi@gmail.com325,hyd325
324,ravi324,ravi@gmail.com324,hyd324
323,ravi323,ravi@gmail.com323,hyd323
322,ravi322,ravi@gmail.com322,hyd322
321,ravi321,ravi@gmail.com321,hyd321
320,ravi320,ravi@gmail.com320,hyd320
32,ravi32,ravi@gmail.com32,hyd32
319,ravi319,ravi@gmail.com319,hyd319
318,ravi318,ravi@gmail.com318,hyd318
317,ravi317,ravi@gmail.com317,hyd317
316,ravi316,ravi@gmail.com316,hyd316
315,ravi315,ravi@gmail.com315,hyd315
314,ravi314,ravi@gmail.com314,hyd314
313,ravi313,ravi@gmail.com313,hyd313
312,ravi312,ravi@gmail.com312,hyd312
311,ravi311,ravi@gmail.com311,hyd311
310,ravi310,ravi@gmail.com310,hyd310
31,ravi31,ravi@gmail.com31,hyd31
309,ravi309,ravi@gmail.com309,hyd309
308,ravi308,ravi@gmail.com308,hyd308
307,ravi307,ravi@gmail.com307,hyd307
306,ravi306,ravi@gmail.com306,hyd306
305,ravi305,ravi@gmail.com305,hyd305
304,ravi304,ravi@gmail.com304,hyd304
303,ravi303,ravi@gmail.com303,hyd303
302,ravi302,ravi@gmail.com302,hyd302
301,ravi301,ravi@gmail.com301,hyd301
300,ravi300,ravi@gmail.com300,hyd300
30,ravi30,ravi@gmail.com30,hyd30
3,ravi3,ravi@gmail.com3,hyd3
299,ravi299,ravi@gmail.com299,hyd299
298,ravi298,ravi@gmail.com298,hyd298
297,ravi297,ravi@gmail.com297,hyd297
296,ravi296,ravi@gmail.com296,hyd296
295,ravi295,ravi@gmail.com295,hyd295
294,ravi294,ravi@gmail.com294,hyd294
293,ravi293,ravi@gmail.com293,hyd293
292,ravi292,ravi@gmail.com292,hyd292
291,ravi291,ravi@gmail.com291,hyd291
290,ravi290,ravi@gmail.com290,hyd290
29,ravi29,ravi@gmail.com29,hyd29
289,ravi289,ravi@gmail.com289,hyd289
288,ravi288,ravi@gmail.com288,hyd288
287,ravi287,ravi@gmail.com287,hyd287
286,ravi286,ravi@gmail.com286,hyd286
285,ravi285,ravi@gmail.com285,hyd285
284,ravi284,ravi@gmail.com284,hyd284
283,ravi283,ravi@gmail.com283,hyd283
282,ravi282,ravi@gmail.com282,hyd282
281,ravi281,ravi@gmail.com281,hyd281
280,ravi280,ravi@gmail.com280,hyd280
28,ravi28,ravi@gmail.com28,hyd28
279,ravi279,ravi@gmail.com279,hyd279
278,ravi278,ravi@gmail.com278,hyd278
277,ravi277,ravi@gmail.com277,hyd277
276,ravi276,ravi@gmail.com276,hyd276
275,ravi275,ravi@gmail.com275,hyd275
274,ravi274,ravi@gmail.com274,hyd274
273,ravi273,ravi@gmail.com273,hyd273
272,ravi272,ravi@gmail.com272,hyd272
271,ravi271,ravi@gmail.com271,hyd271
270,ravi270,ravi@gmail.com270,hyd270
27,ravi27,ravi@gmail.com27,hyd27
269,ravi269,ravi@gmail.com269,hyd269
268,ravi268,ravi@gmail.com268,hyd268
267,ravi267,ravi@gmail.com267,hyd267
266,ravi266,ravi@gmail.com266,hyd266
265,ravi265,ravi@gmail.com265,hyd265
264,ravi264,ravi@gmail.com264,hyd264
263,ravi263,ravi@gmail.com263,hyd263
262,ravi262,ravi@gmail.com262,hyd262
261,ravi261,ravi@gmail.com261,hyd261
260,ravi260,ravi@gmail.com260,hyd260
26,ravi26,ravi@gmail.com26,hyd26
259,ravi259,ravi@gmail.com259,hyd259
258,ravi258,ravi@gmail.com258,hyd258
257,ravi257,ravi@gmail.com257,hyd257
256,ravi256,ravi@gmail.com256,hyd256
255,ravi255,ravi@gmail.com255,hyd255
254,ravi254,ravi@gmail.com254,hyd254
253,ravi253,ravi@gmail.com253,hyd253
252,ravi252,ravi@gmail.com252,hyd252
251,ravi251,ravi@gmail.com251,hyd251
250,ravi250,ravi@gmail.com250,hyd250
25,ravi25,ravi@gmail.com25,hyd25
249,ravi249,ravi@gmail.com249,hyd249
248,ravi248,ravi@gmail.com248,hyd248
247,ravi247,ravi@gmail.com247,hyd247
246,ravi246,ravi@gmail.com246,hyd246
245,ravi245,ravi@gmail.com245,hyd245
244,ravi244,ravi@gmail.com244,hyd244
243,ravi243,ravi@gmail.com243,hyd243
242,ravi242,ravi@gmail.com242,hyd242
241,ravi241,ravi@gmail.com241,hyd241
240,ravi240,ravi@gmail.com240,hyd240
24,ravi24,ravi@gmail.com24,hyd24
239,ravi239,ravi@gmail.com239,hyd239
238,ravi238,ravi@gmail.com238,hyd238
237,ravi237,ravi@gmail.com237,hyd237
236,ravi236,ravi@gmail.com236,hyd236
235,ravi235,ravi@gmail.com235,hyd235
234,ravi234,ravi@gmail.com234,hyd234
233,ravi233,ravi@gmail.com233,hyd233
232,ravi232,ravi@gmail.com232,hyd232
231,ravi231,ravi@gmail.com231,hyd231
230,ravi230,ravi@gmail.com230,hyd230
23,ravi23,ravi@gmail.com23,hyd23
229,ravi229,ravi@gmail.com229,hyd229
228,ravi228,ravi@gmail.com228,hyd228
227,ravi227,ravi@gmail.com227,hyd227
226,ravi226,ravi@gmail.com226,hyd226
225,ravi225,ravi@gmail.com225,hyd225
224,ravi224,ravi@gmail.com224,hyd224
223,ravi223,ravi@gmail.com223,hyd223
222,ravi222,ravi@gmail.com222,hyd222
221,ravi221,ravi@gmail.com221,hyd221
220,ravi220,ravi@gmail.com220,hyd220
22,ravi22,ravi@gmail.com22,hyd22
219,ravi219,ravi@gmail.com219,hyd219
218,ravi218,ravi@gmail.com218,hyd218
217,ravi217,ravi@gmail.com217,hyd217
216,ravi216,ravi@gmail.com216,hyd216
215,ravi215,ravi@gmail.com215,hyd215
214,ravi214,ravi@gmail.com214,hyd214
213,ravi213,ravi@gmail.com213,hyd213
212,ravi212,ravi@gmail.com212,hyd212
211,ravi211,ravi@gmail.com211,hyd211
210,ravi210,ravi@gmail.com210,hyd210
21,ravi21,ravi@gmail.com21,hyd21
209,ravi209,ravi@gmail.com209,hyd209
208,ravi208,ravi@gmail.com208,hyd208
207,ravi207,ravi@gmail.com207,hyd207
206,ravi206,ravi@gmail.com206,hyd206
205,ravi205,ravi@gmail.com205,hyd205
204,ravi204,ravi@gmail.com204,hyd204
203,ravi203,ravi@gmail.com203,hyd203
202,ravi202,ravi@gmail.com202,hyd202
201,ravi201,ravi@gmail.com201,hyd201
200,ravi200,ravi@gmail.com200,hyd200
20,ravi20,ravi@gmail.com20,hyd20
2,ravi2,ravi@gmail.com2,hyd2
199,ravi199,ravi@gmail.com199,hyd199
198,ravi198,ravi@gmail.com198,hyd198
197,ravi197,ravi@gmail.com197,hyd197
196,ravi196,ravi@gmail.com196,hyd196
195,ravi195,ravi@gmail.com195,hyd195
194,ravi194,ravi@gmail.com194,hyd194
193,ravi193,ravi@gmail.com193,hyd193
192,ravi192,ravi@gmail.com192,hyd192
191,ravi191,ravi@gmail.com191,hyd191
190,ravi190,ravi@gmail.com190,hyd190
19,ravi19,ravi@gmail.com19,hyd19
189,ravi189,ravi@gmail.com189,hyd189
188,ravi188,ravi@gmail.com188,hyd188
187,ravi187,ravi@gmail.com187,hyd187
186,ravi186,ravi@gmail.com186,hyd186
185,ravi185,ravi@gmail.com185,hyd185
184,ravi184,ravi@gmail.com184,hyd184
183,ravi183,ravi@gmail.com183,hyd183
182,ravi182,ravi@gmail.com182,hyd182
181,ravi181,ravi@gmail.com181,hyd181
180,ravi180,ravi@gmail.com180,hyd180
18,ravi18,ravi@gmail.com18,hyd18
179,ravi179,ravi@gmail.com179,hyd179
178,ravi178,ravi@gmail.com178,hyd178
177,ravi177,ravi@gmail.com177,hyd177
176,ravi176,ravi@gmail.com176,hyd176
175,ravi175,ravi@gmail.com175,hyd175
174,ravi174,ravi@gmail.com174,hyd174
173,ravi173,ravi@gmail.com173,hyd173
172,ravi172,ravi@gmail.com172,hyd172
171,ravi171,ravi@gmail.com171,hyd171
170,ravi170,ravi@gmail.com170,hyd170
17,ravi17,ravi@gmail.com17,hyd17
169,ravi169,ravi@gmail.com169,hyd169
168,ravi168,ravi@gmail.com168,hyd168
167,ravi167,ravi@gmail.com167,hyd167
166,ravi166,ravi@gmail.com166,hyd166
165,ravi165,ravi@gmail.com165,hyd165
164,ravi164,ravi@gmail.com164,hyd164
163,ravi163,ravi@gmail.com163,hyd163
162,ravi162,ravi@gmail.com162,hyd162
161,ravi161,ravi@gmail.com161,hyd161
160,ravi160,ravi@gmail.com160,hyd160
16,ravi16,ravi@gmail.com16,hyd16
159,ravi159,ravi@gmail.com159,hyd159
158,ravi158,ravi@gmail.com158,hyd158
157,ravi157,ravi@gmail.com157,hyd157
156,ravi156,ravi@gmail.com156,hyd156
155,ravi155,ravi@gmail.com155,hyd155
154,ravi154,ravi@gmail.com154,hyd154
153,ravi153,ravi@gmail.com153,hyd153
152,ravi152,ravi@gmail.com152,hyd152
151,ravi151,ravi@gmail.com151,hyd151
150,ravi150,ravi@gmail.com150,hyd150
15,ravi15,ravi@gmail.com15,hyd15
149,ravi149,ravi@gmail.com149,hyd149
148,ravi148,ravi@gmail.com148,hyd148
147,ravi147,ravi@gmail.com147,hyd147
146,ravi146,ravi@gmail.com146,hyd146
145,ravi145,ravi@gmail.com145,hyd145
144,ravi144,ravi@gmail.com144,hyd144
143,ravi143,ravi@gmail.com143,hyd143
142,ravi142,ravi@gmail.com142,hyd142
141,ravi141,ravi@gmail.com141,hyd141
140,ravi140,ravi@gmail.com140,hyd140
14,ravi14,ravi@gmail.com14,hyd14
139,ravi139,ravi@gmail.com139,hyd139
138,ravi138,ravi@gmail.com138,hyd138
137,ravi137,ravi@gmail.com137,hyd137
136,ravi136,ravi@gmail.com136,hyd136
135,ravi135,ravi@gmail.com135,hyd135
134,ravi134,ravi@gmail.com134,hyd134
133,ravi133,ravi@gmail.com133,hyd133
132,ravi132,ravi@gmail.com132,hyd132
131,ravi131,ravi@gmail.com131,hyd131
130,ravi130,ravi@gmail.com130,hyd130
13,ravi13,ravi@gmail.com13,hyd13
129,ravi129,ravi@gmail.com129,hyd129
128,ravi128,ravi@gmail.com128,hyd128
127,ravi127,ravi@gmail.com127,hyd127
126,ravi126,ravi@gmail.com126,hyd126
125,ravi125,ravi@gmail.com125,hyd125
124,ravi124,ravi@gmail.com124,hyd124
123,ravi123,ravi@gmail.com123,hyd123
122,ravi122,ravi@gmail.com122,hyd122
121,ravi121,ravi@gmail.com121,hyd121
120,ravi120,ravi@gmail.com120,hyd120
12,ravi12,ravi@gmail.com12,hyd12
119,ravi119,ravi@gmail.com119,hyd119
118,ravi118,ravi@gmail.com118,hyd118
117,ravi117,ravi@gmail.com117,hyd117
116,ravi116,ravi@gmail.com116,hyd116
115,ravi115,ravi@gmail.com115,hyd115
114,ravi114,ravi@gmail.com114,hyd114
113,ravi113,ravi@gmail.com113,hyd113
112,ravi112,ravi@gmail.com112,hyd112
111,ravi111,ravi@gmail.com111,hyd111
110,ravi110,ravi@gmail.com110,hyd110
11,ravi11,ravi@gmail.com11,hyd11
109,ravi109,ravi@gmail.com109,hyd109
108,ravi108,ravi@gmail.com108,hyd108
107,ravi107,ravi@gmail.com107,hyd107
106,ravi106,ravi@gmail.com106,hyd106
105,ravi105,ravi@gmail.com105,hyd105
104,ravi104,ravi@gmail.com104,hyd104
103,ravi103,ravi@gmail.com103,hyd103
102,ravi102,ravi@gmail.com102,hyd102
101,ravi101,ravi@gmail.com101,hyd101
100,ravi100,ravi@gmail.com100,hyd100
10,ravi10,ravi@gmail.com10,hyd10
1,ravi1,ravi@gmail.com1,hyd1
